{
  "name": "fontello",
  "css_prefix_text": "icon-",
  "css_use_suffix": false,
  "hinting": true,
  "units_per_em": 1000,
  "ascent": 850,
  "glyphs": [
    {
      "uid": "8e04c98c8f5ca0a035776e3001ad2638",
      "css": "facebook",
      "code": 59392,
      "src": "fontawesome"
    },
    {
      "uid": "4c1ef492f1d2c39a2250ae457cee2a6e",
      "css": "instagram",
      "code": 59394,
      "src": "fontawesome"
    },
    {
      "uid": "627abcdb627cb1789e009c08e2678ef9",
      "css": "twitter",
      "code": 59393,
      "src": "fontawesome"
    }
  ]
}